{
  "Packages": [
    {
      "Package": {
        "Id": "UiPath.Excel.Activities",
        "Version": "2.7.2"
      },
      "Assemblies": [
        "C:\\Users\\P Sai Deekshith\\.nuget\\packages\\closedxml/0.87.1\\lib/net40/ClosedXML.dll",
        "C:\\Users\\P Sai Deekshith\\.nuget\\packages\\csvhelper/2.13.5\\lib/net40-client/CsvHelper.dll",
        "C:\\Users\\P Sai Deekshith\\.nuget\\packages\\documentformat.openxml/2.5.0\\lib/DocumentFormat.OpenXml.dll",
        "C:\\Users\\P Sai Deekshith\\.nuget\\packages\\microsoft.visualstudio.ole.interop/7.10.6071\\lib/Microsoft.VisualStudio.OLE.Interop.dll",
        "C:\\Users\\P Sai Deekshith\\.nuget\\packages\\npoi/2.4.1\\lib/net45/NPOI.OOXML.dll",
        "C:\\Users\\P Sai Deekshith\\.nuget\\packages\\npoi/2.4.1\\lib/net45/NPOI.OpenXml4Net.dll",
        "C:\\Users\\P Sai Deekshith\\.nuget\\packages\\npoi/2.4.1\\lib/net45/NPOI.OpenXmlFormats.dll",
        "C:\\Users\\P Sai Deekshith\\.nuget\\packages\\npoi/2.4.1\\lib/net45/NPOI.dll",
        "C:\\Users\\P Sai Deekshith\\.nuget\\packages\\sharpziplib/1.0.0\\lib/net45/ICSharpCode.SharpZipLib.dll",
        "C:\\Users\\P Sai Deekshith\\.nuget\\packages\\uipath.excel.activities/2.7.2\\lib/net461/UiPath.Excel.Activities.Design.dll",
        "C:\\Users\\P Sai Deekshith\\.nuget\\packages\\uipath.excel.activities/2.7.2\\lib/net461/UiPath.Excel.Activities.dll",
        "C:\\Users\\P Sai Deekshith\\.nuget\\packages\\uipath.excel.activities/2.7.2\\lib/net461/UiPath.Excel.dll"
      ]
    },
    {
      "Package": {
        "Id": "UiPath.Mail.Activities",
        "Version": "1.7.2"
      },
      "Assemblies": [
        "C:\\Users\\P Sai Deekshith\\.nuget\\packages\\bouncycastle/1.8.5\\lib/BouncyCastle.Crypto.dll",
        "C:\\Users\\P Sai Deekshith\\.nuget\\packages\\interop.domino.dll/1.0.0\\lib/Interop.Domino.dll",
        "C:\\Users\\P Sai Deekshith\\.nuget\\packages\\microsoft.exchange.webservices/2.2.0\\lib/40/Microsoft.Exchange.WebServices.Auth.dll",
        "C:\\Users\\P Sai Deekshith\\.nuget\\packages\\microsoft.exchange.webservices/2.2.0\\lib/40/Microsoft.Exchange.WebServices.dll",
        "C:\\Users\\P Sai Deekshith\\.nuget\\packages\\system.valuetuple/4.5.0\\lib/net461/System.ValueTuple.dll",
        "C:\\Users\\P Sai Deekshith\\.nuget\\packages\\uipath.mail.activities/1.7.2\\lib/net461/MailKit.dll",
        "C:\\Users\\P Sai Deekshith\\.nuget\\packages\\uipath.mail.activities/1.7.2\\lib/net461/MimeKit.dll",
        "C:\\Users\\P Sai Deekshith\\.nuget\\packages\\uipath.mail.activities/1.7.2\\lib/net461/UiPath.Mail.Activities.Design.dll",
        "C:\\Users\\P Sai Deekshith\\.nuget\\packages\\uipath.mail.activities/1.7.2\\lib/net461/UiPath.Mail.Activities.dll",
        "C:\\Users\\P Sai Deekshith\\.nuget\\packages\\uipath.mail.activities/1.7.2\\lib/net461/UiPath.Mail.dll"
      ]
    },
    {
      "Package": {
        "Id": "UiPath.System.Activities",
        "Version": "19.10.1"
      },
      "Assemblies": [
        "C:\\Users\\P Sai Deekshith\\.nuget\\packages\\csvhelper/2.13.5\\lib/net40-client/CsvHelper.dll",
        "C:\\Users\\P Sai Deekshith\\.nuget\\packages\\microsoft.aspnet.signalr.client/2.4.0\\lib/net45/Microsoft.AspNet.SignalR.Client.dll",
        "C:\\Users\\P Sai Deekshith\\.nuget\\packages\\microsoft.rest.clientruntime/2.3.21\\lib/net461/Microsoft.Rest.ClientRuntime.dll",
        "C:\\Users\\P Sai Deekshith\\.nuget\\packages\\newtonsoft.json/11.0.2\\lib/net45/Newtonsoft.Json.dll",
        "C:\\Users\\P Sai Deekshith\\.nuget\\packages\\uipath.system.activities/19.10.1\\lib/net461/ActiproSoftware.Docking.Wpf.dll",
        "C:\\Users\\P Sai Deekshith\\.nuget\\packages\\uipath.system.activities/19.10.1\\lib/net461/ActiproSoftware.Ribbon.Wpf.dll",
        "C:\\Users\\P Sai Deekshith\\.nuget\\packages\\uipath.system.activities/19.10.1\\lib/net461/ActiproSoftware.Shared.Wpf.dll",
        "C:\\Users\\P Sai Deekshith\\.nuget\\packages\\uipath.system.activities/19.10.1\\lib/net461/ActiproSoftware.SyntaxEditor.Addons.DotNet.Wpf.dll",
        "C:\\Users\\P Sai Deekshith\\.nuget\\packages\\uipath.system.activities/19.10.1\\lib/net461/ActiproSoftware.SyntaxEditor.Wpf.dll",
        "C:\\Users\\P Sai Deekshith\\.nuget\\packages\\uipath.system.activities/19.10.1\\lib/net461/ActiproSoftware.Text.Addons.DotNet.Wpf.dll",
        "C:\\Users\\P Sai Deekshith\\.nuget\\packages\\uipath.system.activities/19.10.1\\lib/net461/ActiproSoftware.Text.LLParser.Wpf.dll",
        "C:\\Users\\P Sai Deekshith\\.nuget\\packages\\uipath.system.activities/19.10.1\\lib/net461/ActiproSoftware.Text.Wpf.dll",
        "C:\\Users\\P Sai Deekshith\\.nuget\\packages\\uipath.system.activities/19.10.1\\lib/net461/ActiproSoftware.Wizard.Wpf.dll",
        "C:\\Users\\P Sai Deekshith\\.nuget\\packages\\uipath.system.activities/19.10.1\\lib/net461/UiPath.OrchestratorClient.dll",
        "C:\\Users\\P Sai Deekshith\\.nuget\\packages\\uipath.system.activities/19.10.1\\lib/net461/UiPath.System.Activities.Design.dll",
        "C:\\Users\\P Sai Deekshith\\.nuget\\packages\\uipath.system.activities/19.10.1\\lib/net461/UiPath.System.Activities.dll"
      ]
    },
    {
      "Package": {
        "Id": "UiPath.UIAutomation.Activities",
        "Version": "19.11.3"
      },
      "Assemblies": [
        "C:\\Users\\P Sai Deekshith\\.nuget\\packages\\avalonedit/5.0.3\\lib/Net40/ICSharpCode.AvalonEdit.dll",
        "C:\\Users\\P Sai Deekshith\\.nuget\\packages\\extended.wpf.toolkit/2.8.0\\lib/net40/Xceed.Wpf.AvalonDock.Themes.Aero.dll",
        "C:\\Users\\P Sai Deekshith\\.nuget\\packages\\extended.wpf.toolkit/2.8.0\\lib/net40/Xceed.Wpf.AvalonDock.Themes.Metro.dll",
        "C:\\Users\\P Sai Deekshith\\.nuget\\packages\\extended.wpf.toolkit/2.8.0\\lib/net40/Xceed.Wpf.AvalonDock.Themes.VS2010.dll",
        "C:\\Users\\P Sai Deekshith\\.nuget\\packages\\extended.wpf.toolkit/2.8.0\\lib/net40/Xceed.Wpf.AvalonDock.dll",
        "C:\\Users\\P Sai Deekshith\\.nuget\\packages\\extended.wpf.toolkit/2.8.0\\lib/net40/Xceed.Wpf.DataGrid.dll",
        "C:\\Users\\P Sai Deekshith\\.nuget\\packages\\extended.wpf.toolkit/2.8.0\\lib/net40/Xceed.Wpf.Toolkit.dll",
        "C:\\Users\\P Sai Deekshith\\.nuget\\packages\\humanizer.core/2.4.2\\lib/netstandard2.0/Humanizer.dll",
        "C:\\Users\\P Sai Deekshith\\.nuget\\packages\\newtonsoft.json/11.0.2\\lib/net45/Newtonsoft.Json.dll",
        "C:\\Users\\P Sai Deekshith\\.nuget\\packages\\uipath/19.10.7452.28108\\lib/UiPath.Interop.dll",
        "C:\\Users\\P Sai Deekshith\\.nuget\\packages\\uipath.ocr.contracts/2.7.3\\lib/net461/UiPath.OCR.Contracts.dll",
        "C:\\Users\\P Sai Deekshith\\.nuget\\packages\\uipath.uiautomation.activities/19.11.3\\lib/net461/ActiproSoftware.DataGrid.Contrib.Wpf.dll",
        "C:\\Users\\P Sai Deekshith\\.nuget\\packages\\uipath.uiautomation.activities/19.11.3\\lib/net461/ActiproSoftware.Docking.Wpf.dll",
        "C:\\Users\\P Sai Deekshith\\.nuget\\packages\\uipath.uiautomation.activities/19.11.3\\lib/net461/ActiproSoftware.Editors.Wpf.dll",
        "C:\\Users\\P Sai Deekshith\\.nuget\\packages\\uipath.uiautomation.activities/19.11.3\\lib/net461/ActiproSoftware.Ribbon.Wpf.dll",
        "C:\\Users\\P Sai Deekshith\\.nuget\\packages\\uipath.uiautomation.activities/19.11.3\\lib/net461/ActiproSoftware.Shared.Wpf.dll",
        "C:\\Users\\P Sai Deekshith\\.nuget\\packages\\uipath.uiautomation.activities/19.11.3\\lib/net461/ActiproSoftware.SyntaxEditor.Addons.DotNet.Wpf.dll",
        "C:\\Users\\P Sai Deekshith\\.nuget\\packages\\uipath.uiautomation.activities/19.11.3\\lib/net461/ActiproSoftware.SyntaxEditor.Wpf.dll",
        "C:\\Users\\P Sai Deekshith\\.nuget\\packages\\uipath.uiautomation.activities/19.11.3\\lib/net461/ActiproSoftware.Text.Addons.DotNet.Wpf.dll",
        "C:\\Users\\P Sai Deekshith\\.nuget\\packages\\uipath.uiautomation.activities/19.11.3\\lib/net461/ActiproSoftware.Text.LLParser.Wpf.dll",
        "C:\\Users\\P Sai Deekshith\\.nuget\\packages\\uipath.uiautomation.activities/19.11.3\\lib/net461/ActiproSoftware.Text.Wpf.dll",
        "C:\\Users\\P Sai Deekshith\\.nuget\\packages\\uipath.uiautomation.activities/19.11.3\\lib/net461/ActiproSoftware.Wizard.Wpf.dll",
        "C:\\Users\\P Sai Deekshith\\.nuget\\packages\\uipath.uiautomation.activities/19.11.3\\lib/net461/UiPath.CV.Activities.Design.dll",
        "C:\\Users\\P Sai Deekshith\\.nuget\\packages\\uipath.uiautomation.activities/19.11.3\\lib/net461/UiPath.CV.Activities.dll",
        "C:\\Users\\P Sai Deekshith\\.nuget\\packages\\uipath.uiautomation.activities/19.11.3\\lib/net461/UiPath.CV.dll",
        "C:\\Users\\P Sai Deekshith\\.nuget\\packages\\uipath.uiautomation.activities/19.11.3\\lib/net461/UiPath.UIAutomation.Activities.Design.dll",
        "C:\\Users\\P Sai Deekshith\\.nuget\\packages\\uipath.uiautomation.activities/19.11.3\\lib/net461/UiPath.UiAutomation.Activities.dll",
        "C:\\Users\\P Sai Deekshith\\.nuget\\packages\\uipath.uiautomation.activities/19.11.3\\lib/net461/UiPath.Wizards.dll",
        "C:\\Users\\P Sai Deekshith\\.nuget\\packages\\uipath.vision/2.0.1\\lib/net452/UiPath.Vision.AzureComputerVision.dll",
        "C:\\Users\\P Sai Deekshith\\.nuget\\packages\\uipath.vision/2.0.1\\lib/net452/UiPath.Vision.Core.dll",
        "C:\\Users\\P Sai Deekshith\\.nuget\\packages\\uipath.vision/2.0.1\\lib/net452/UiPath.Vision.GoogleCloud.dll",
        "C:\\Users\\P Sai Deekshith\\.nuget\\packages\\uipath.vision/2.0.1\\lib/net452/UiPath.Vision.Microsoft.dll",
        "C:\\Users\\P Sai Deekshith\\.nuget\\packages\\uipath.vision/2.0.1\\lib/net452/UiPath.Vision.MicrosoftCloud.dll",
        "C:\\Users\\P Sai Deekshith\\.nuget\\packages\\uipath.vision/2.0.1\\lib/net452/UiPath.Vision.Tesseract.dll",
        "C:\\Users\\P Sai Deekshith\\.nuget\\packages\\uipath.vision/2.0.1\\lib/net452/UiPath.Vision.dll"
      ]
    },
    {
      "Package": {
        "Id": "UiPath.DocumentUnderstanding.ML.Activities",
        "Version": "1.7.0"
      },
      "Assemblies": [
        "C:\\Users\\P Sai Deekshith\\.nuget\\packages\\bitmiracle.docotic.pdf/7.5.11645\\lib/net46/BitMiracle.Docotic.Pdf.dll",
        "C:\\Users\\P Sai Deekshith\\.nuget\\packages\\microsoft.rest.clientruntime/2.3.21\\lib/net461/Microsoft.Rest.ClientRuntime.dll",
        "C:\\Users\\P Sai Deekshith\\.nuget\\packages\\newtonsoft.json/11.0.2\\lib/net45/Newtonsoft.Json.dll",
        "C:\\Users\\P Sai Deekshith\\.nuget\\packages\\polly/7.1.0\\lib/netstandard2.0/Polly.dll",
        "C:\\Users\\P Sai Deekshith\\.nuget\\packages\\system.collections.immutable/1.5.0\\lib/netstandard2.0/System.Collections.Immutable.dll",
        "C:\\Users\\P Sai Deekshith\\.nuget\\packages\\system.threading.tasks.dataflow/5.0.0\\lib/net461/System.Threading.Tasks.Dataflow.dll",
        "C:\\Users\\P Sai Deekshith\\.nuget\\packages\\uipath.documentprocessing.contracts/1.10.1\\lib/net461/UiPath.DocumentProcessing.Contracts.dll",
        "C:\\Users\\P Sai Deekshith\\.nuget\\packages\\uipath.documentunderstanding.ml.activities/1.7.0\\lib/net461/UiPath.DocumentUnderstanding.ML.Activities.Design.dll",
        "C:\\Users\\P Sai Deekshith\\.nuget\\packages\\uipath.documentunderstanding.ml.activities/1.7.0\\lib/net461/UiPath.DocumentUnderstanding.ML.Activities.dll",
        "C:\\Users\\P Sai Deekshith\\.nuget\\packages\\uipath.documentunderstanding.ml.activities/1.7.0\\lib/net461/UiPath.DocumentUnderstanding.ML.dll",
        "C:\\Users\\P Sai Deekshith\\.nuget\\packages\\uipath.documentunderstanding.ml.activities/1.7.0\\lib/net461/UiPath.DocumentUnderstanding.ML.Telemetry.dll",
        "C:\\Users\\P Sai Deekshith\\.nuget\\packages\\uipath.documentunderstanding.ml.activities/1.7.0\\lib/net461/UiPath.DocumentUnderstanding.ML.Trainer.dll",
        "C:\\Users\\P Sai Deekshith\\.nuget\\packages\\uipath.telemetry.client/1.3.18\\lib/net461/TelemetryClient.dll"
      ]
    },
    {
      "Package": {
        "Id": "UiPath.IntelligentOCR.Activities",
        "Version": "4.13.2"
      },
      "Assemblies": [
        "C:\\Users\\P Sai Deekshith\\.nuget\\packages\\aforge/2.2.5\\lib/AForge.dll",
        "C:\\Users\\P Sai Deekshith\\.nuget\\packages\\aforge.genetic/2.2.5\\lib/AForge.Genetic.dll",
        "C:\\Users\\P Sai Deekshith\\.nuget\\packages\\aforge.imaging/2.2.5\\lib/AForge.Imaging.dll",
        "C:\\Users\\P Sai Deekshith\\.nuget\\packages\\aforge.math/2.2.5\\lib/AForge.Math.dll",
        "C:\\Users\\P Sai Deekshith\\.nuget\\packages\\aforge.neuro/2.2.5\\lib/AForge.Neuro.dll",
        "C:\\Users\\P Sai Deekshith\\.nuget\\packages\\bitmiracle.docotic.pdf/7.5.11645\\lib/net46/BitMiracle.Docotic.Pdf.dll",
        "C:\\Users\\P Sai Deekshith\\.nuget\\packages\\fsharp.core/4.7.1\\lib/net45/FSharp.Core.dll",
        "C:\\Users\\P Sai Deekshith\\.nuget\\packages\\ivanakcheurov.ntextcat.lib/0.2.1.1\\lib/net40/IvanAkcheurov.Commons.dll",
        "C:\\Users\\P Sai Deekshith\\.nuget\\packages\\ivanakcheurov.ntextcat.lib/0.2.1.1\\lib/net40/IvanAkcheurov.NClassify.dll",
        "C:\\Users\\P Sai Deekshith\\.nuget\\packages\\ivanakcheurov.ntextcat.lib/0.2.1.1\\lib/net40/IvanAkcheurov.NTextCat.Lib.dll",
        "C:\\Users\\P Sai Deekshith\\.nuget\\packages\\mathnet.numerics/4.5.1\\lib/net461/MathNet.Numerics.dll",
        "C:\\Users\\P Sai Deekshith\\.nuget\\packages\\microsoft.rest.clientruntime/2.3.21\\lib/net461/Microsoft.Rest.ClientRuntime.dll",
        "C:\\Users\\P Sai Deekshith\\.nuget\\packages\\microsoft.xaml.behaviors.wpf/1.0.1\\lib/net45/Microsoft.Xaml.Behaviors.dll",
        "C:\\Users\\P Sai Deekshith\\.nuget\\packages\\newtonsoft.json/11.0.2\\lib/net45/Newtonsoft.Json.dll",
        "C:\\Users\\P Sai Deekshith\\.nuget\\packages\\polly/7.1.0\\lib/netstandard2.0/Polly.dll",
        "C:\\Users\\P Sai Deekshith\\.nuget\\packages\\system.collections.immutable/1.5.0\\lib/netstandard2.0/System.Collections.Immutable.dll",
        "C:\\Users\\P Sai Deekshith\\.nuget\\packages\\system.io.abstractions/3.0.10\\lib/net40/System.IO.Abstractions.dll",
        "C:\\Users\\P Sai Deekshith\\.nuget\\packages\\system.io.compression/4.3.0\\lib/net46/System.IO.Compression.dll",
        "C:\\Users\\P Sai Deekshith\\.nuget\\packages\\system.runtime.compilerservices.unsafe/4.5.3\\lib/net461/System.Runtime.CompilerServices.Unsafe.dll",
        "C:\\Users\\P Sai Deekshith\\.nuget\\packages\\system.threading.tasks.dataflow/5.0.0\\lib/net461/System.Threading.Tasks.Dataflow.dll",
        "C:\\Users\\P Sai Deekshith\\.nuget\\packages\\system.threading.tasks.extensions/4.5.4\\lib/net461/System.Threading.Tasks.Extensions.dll",
        "C:\\Users\\P Sai Deekshith\\.nuget\\packages\\tinycsvparser/2.5.2\\lib/net45/TinyCsvParser.dll",
        "C:\\Users\\P Sai Deekshith\\.nuget\\packages\\uipath.cefsharpbundle/1.4.0\\lib/net452/CefSharp.BrowserSubprocess.Core.dll",
        "C:\\Users\\P Sai Deekshith\\.nuget\\packages\\uipath.cefsharpbundle/1.4.0\\lib/net452/CefSharp.Core.dll",
        "C:\\Users\\P Sai Deekshith\\.nuget\\packages\\uipath.cefsharpbundle/1.4.0\\lib/net452/CefSharp.Core.Runtime.dll",
        "C:\\Users\\P Sai Deekshith\\.nuget\\packages\\uipath.cefsharpbundle/1.4.0\\lib/net452/CefSharp.dll",
        "C:\\Users\\P Sai Deekshith\\.nuget\\packages\\uipath.cefsharpbundle/1.4.0\\lib/net452/CefSharp.Wpf.dll",
        "C:\\Users\\P Sai Deekshith\\.nuget\\packages\\uipath.cefsharpbundle/1.4.0\\lib/net452/chrome_elf.dll",
        "C:\\Users\\P Sai Deekshith\\.nuget\\packages\\uipath.cefsharpbundle/1.4.0\\lib/net452/d3dcompiler_47.dll",
        "C:\\Users\\P Sai Deekshith\\.nuget\\packages\\uipath.cefsharpbundle/1.4.0\\lib/net452/libcef.dll",
        "C:\\Users\\P Sai Deekshith\\.nuget\\packages\\uipath.cefsharpbundle/1.4.0\\lib/net452/libEGL.dll",
        "C:\\Users\\P Sai Deekshith\\.nuget\\packages\\uipath.cefsharpbundle/1.4.0\\lib/net452/libGLESv2.dll",
        "C:\\Users\\P Sai Deekshith\\.nuget\\packages\\uipath.cefsharpbundle/1.4.0\\lib/net452/msvcp140.dll",
        "C:\\Users\\P Sai Deekshith\\.nuget\\packages\\uipath.cefsharpbundle/1.4.0\\lib/net452/UiPath.CEFSharpBundle.dll",
        "C:\\Users\\P Sai Deekshith\\.nuget\\packages\\uipath.cefsharpbundle/1.4.0\\lib/net452/vcruntime140.dll",
        "C:\\Users\\P Sai Deekshith\\.nuget\\packages\\uipath.cefsharpbundle/1.4.0\\lib/net452/swiftshader/libEGL.dll",
        "C:\\Users\\P Sai Deekshith\\.nuget\\packages\\uipath.cefsharpbundle/1.4.0\\lib/net452/swiftshader/libGLESv2.dll",
        "C:\\Users\\P Sai Deekshith\\.nuget\\packages\\uipath.documentprocessing.contracts/1.10.1\\lib/net461/UiPath.DocumentProcessing.Contracts.dll",
        "C:\\Users\\P Sai Deekshith\\.nuget\\packages\\uipath.intelligentocr.activities/4.13.2\\lib/net461/UiPath.DocumentUnderstanding.Contracts.dll",
        "C:\\Users\\P Sai Deekshith\\.nuget\\packages\\uipath.intelligentocr.activities/4.13.2\\lib/net461/UiPath.DocumentUnderstanding.Persistence.dll",
        "C:\\Users\\P Sai Deekshith\\.nuget\\packages\\uipath.intelligentocr.activities/4.13.2\\lib/net461/UiPath.IntelligentOCR.Activities.Design.dll",
        "C:\\Users\\P Sai Deekshith\\.nuget\\packages\\uipath.intelligentocr.activities/4.13.2\\lib/net461/UiPath.IntelligentOCR.Activities.dll",
        "C:\\Users\\P Sai Deekshith\\.nuget\\packages\\uipath.intelligentocr.activities/4.13.2\\lib/net461/UiPath.IntelligentOCR.dll",
        "C:\\Users\\P Sai Deekshith\\.nuget\\packages\\uipath.intelligentocr.activities/4.13.2\\lib/net461/UiPath.SmartData.ClassificationStation.dll",
        "C:\\Users\\P Sai Deekshith\\.nuget\\packages\\uipath.intelligentocr.activities/4.13.2\\lib/net461/UiPath.SmartData.ClassificationStation.Host.Local.dll",
        "C:\\Users\\P Sai Deekshith\\.nuget\\packages\\uipath.intelligentocr.activities/4.13.2\\lib/net461/UiPath.SmartData.Data.dll",
        "C:\\Users\\P Sai Deekshith\\.nuget\\packages\\uipath.intelligentocr.activities/4.13.2\\lib/net461/UiPath.SmartData.Digitization.dll",
        "C:\\Users\\P Sai Deekshith\\.nuget\\packages\\uipath.intelligentocr.activities/4.13.2\\lib/net461/UiPath.SmartData.DocumentClassification.dll",
        "C:\\Users\\P Sai Deekshith\\.nuget\\packages\\uipath.intelligentocr.activities/4.13.2\\lib/net461/UiPath.SmartData.Host.Local.Infrastructure.dll",
        "C:\\Users\\P Sai Deekshith\\.nuget\\packages\\uipath.intelligentocr.activities/4.13.2\\lib/net461/UiPath.SmartData.ImageProcessing.dll",
        "C:\\Users\\P Sai Deekshith\\.nuget\\packages\\uipath.intelligentocr.activities/4.13.2\\lib/net461/UiPath.SmartData.Language.dll",
        "C:\\Users\\P Sai Deekshith\\.nuget\\packages\\uipath.intelligentocr.activities/4.13.2\\lib/net461/UiPath.SmartData.Localization.dll",
        "C:\\Users\\P Sai Deekshith\\.nuget\\packages\\uipath.intelligentocr.activities/4.13.2\\lib/net461/UiPath.SmartData.OCR.dll",
        "C:\\Users\\P Sai Deekshith\\.nuget\\packages\\uipath.intelligentocr.activities/4.13.2\\lib/net461/UiPath.SmartData.OutOfProcessUi.Common.dll",
        "C:\\Users\\P Sai Deekshith\\.nuget\\packages\\uipath.intelligentocr.activities/4.13.2\\lib/net461/UiPath.SmartData.PDF.dll",
        "C:\\Users\\P Sai Deekshith\\.nuget\\packages\\uipath.intelligentocr.activities/4.13.2\\lib/net461/UiPath.SmartData.PositionBasedExtraction.dll",
        "C:\\Users\\P Sai Deekshith\\.nuget\\packages\\uipath.intelligentocr.activities/4.13.2\\lib/net461/UiPath.SmartData.TableProcessing.dll",
        "C:\\Users\\P Sai Deekshith\\.nuget\\packages\\uipath.intelligentocr.activities/4.13.2\\lib/net461/UiPath.SmartData.TaxonomyManager.dll",
        "C:\\Users\\P Sai Deekshith\\.nuget\\packages\\uipath.intelligentocr.activities/4.13.2\\lib/net461/UiPath.SmartData.TaxonomyManager.Host.Local.dll",
        "C:\\Users\\P Sai Deekshith\\.nuget\\packages\\uipath.intelligentocr.activities/4.13.2\\lib/net461/UiPath.SmartData.Telemetry.dll",
        "C:\\Users\\P Sai Deekshith\\.nuget\\packages\\uipath.intelligentocr.activities/4.13.2\\lib/net461/UiPath.SmartData.Utils.dll",
        "C:\\Users\\P Sai Deekshith\\.nuget\\packages\\uipath.intelligentocr.activities/4.13.2\\lib/net461/UiPath.SmartData.ValidationStation.dll",
        "C:\\Users\\P Sai Deekshith\\.nuget\\packages\\uipath.intelligentocr.activities/4.13.2\\lib/net461/UiPath.SmartData.ValidationStation.Host.Local.dll",
        "C:\\Users\\P Sai Deekshith\\.nuget\\packages\\uipath.intelligentocr.activities/4.13.2\\lib/net461/UiPath.SmartData.ValidationStation.Integration.dll",
        "C:\\Users\\P Sai Deekshith\\.nuget\\packages\\uipath.intelligentocr.activities/4.13.2\\lib/net461/UiPath.SmartData.ValidationStation.ValueParsing.dll",
        "C:\\Users\\P Sai Deekshith\\.nuget\\packages\\uipath.intelligentocr.activities/4.13.2\\lib/net461/UiPath.SmartData.WPF.dll",
        "C:\\Users\\P Sai Deekshith\\.nuget\\packages\\uipath.ocr.contracts/2.7.3\\lib/net461/UiPath.OCR.Contracts.dll",
        "C:\\Users\\P Sai Deekshith\\.nuget\\packages\\uipath.telemetry.client/1.3.18\\lib/net461/TelemetryClient.dll",
        "C:\\Users\\P Sai Deekshith\\.nuget\\packages\\uipath.wordstonumbers/1.0.0\\lib/netstandard2.0/Numsense.dll"
      ]
    },
    {
      "Package": {
        "Id": "UiPath.OmniPage.Activities",
        "Version": "1.7.1"
      },
      "Assemblies": [
        "C:\\Users\\P Sai Deekshith\\.nuget\\packages\\newtonsoft.json/11.0.2\\lib/net45/Newtonsoft.Json.dll",
        "C:\\Users\\P Sai Deekshith\\.nuget\\packages\\uipath.ocr.contracts/2.7.3\\lib/net461/UiPath.OCR.Contracts.dll",
        "C:\\Users\\P Sai Deekshith\\.nuget\\packages\\uipath.omnipage.activities/1.7.1\\lib/net461/UiPath.OmniPage.Activities.Design.dll",
        "C:\\Users\\P Sai Deekshith\\.nuget\\packages\\uipath.omnipage.activities/1.7.1\\lib/net461/UiPath.OmniPage.Activities.dll",
        "C:\\Users\\P Sai Deekshith\\.nuget\\packages\\uipath.omnipage.activities/1.7.1\\lib/net461/UiPath.Vision.OmniPage.Core.dll",
        "C:\\Users\\P Sai Deekshith\\.nuget\\packages\\uipath.omnipage.activities/1.7.1\\lib/net461/UiPath.Vision.OmniPage.dll",
        "C:\\Users\\P Sai Deekshith\\.nuget\\packages\\uipath.omnipage.bundle/1.0.2\\lib/net452/AppHelper.dll",
        "C:\\Users\\P Sai Deekshith\\.nuget\\packages\\uipath.omnipage.bundle/1.0.2\\lib/net452/AppProductConfig.dll",
        "C:\\Users\\P Sai Deekshith\\.nuget\\packages\\uipath.omnipage.bundle/1.0.2\\lib/net452/AppUtils.dll",
        "C:\\Users\\P Sai Deekshith\\.nuget\\packages\\uipath.omnipage.bundle/1.0.2\\lib/net452/atm2lll.dll",
        "C:\\Users\\P Sai Deekshith\\.nuget\\packages\\uipath.omnipage.bundle/1.0.2\\lib/net452/Bnt.dll",
        "C:\\Users\\P Sai Deekshith\\.nuget\\packages\\uipath.omnipage.bundle/1.0.2\\lib/net452/CRX.dll",
        "C:\\Users\\P Sai Deekshith\\.nuget\\packages\\uipath.omnipage.bundle/1.0.2\\lib/net452/Defaults.dll",
        "C:\\Users\\P Sai Deekshith\\.nuget\\packages\\uipath.omnipage.bundle/1.0.2\\lib/net452/Firewrx.dll",
        "C:\\Users\\P Sai Deekshith\\.nuget\\packages\\uipath.omnipage.bundle/1.0.2\\lib/net452/FireWrx2.dll",
        "C:\\Users\\P Sai Deekshith\\.nuget\\packages\\uipath.omnipage.bundle/1.0.2\\lib/net452/FireWrx3.dll",
        "C:\\Users\\P Sai Deekshith\\.nuget\\packages\\uipath.omnipage.bundle/1.0.2\\lib/net452/FireWrx4.dll",
        "C:\\Users\\P Sai Deekshith\\.nuget\\packages\\uipath.omnipage.bundle/1.0.2\\lib/net452/FireWrx5.dll",
        "C:\\Users\\P Sai Deekshith\\.nuget\\packages\\uipath.omnipage.bundle/1.0.2\\lib/net452/FireWrx6.dll",
        "C:\\Users\\P Sai Deekshith\\.nuget\\packages\\uipath.omnipage.bundle/1.0.2\\lib/net452/Formatter.dll",
        "C:\\Users\\P Sai Deekshith\\.nuget\\packages\\uipath.omnipage.bundle/1.0.2\\lib/net452/ICDLLW32.dll",
        "C:\\Users\\P Sai Deekshith\\.nuget\\packages\\uipath.omnipage.bundle/1.0.2\\lib/net452/ICHUNW32.dll",
        "C:\\Users\\P Sai Deekshith\\.nuget\\packages\\uipath.omnipage.bundle/1.0.2\\lib/net452/IF_PNG.dll",
        "C:\\Users\\P Sai Deekshith\\.nuget\\packages\\uipath.omnipage.bundle/1.0.2\\lib/net452/jp2k_kdu_apps_vnew.dll",
        "C:\\Users\\P Sai Deekshith\\.nuget\\packages\\uipath.omnipage.bundle/1.0.2\\lib/net452/kdu_vnewR.dll",
        "C:\\Users\\P Sai Deekshith\\.nuget\\packages\\uipath.omnipage.bundle/1.0.2\\lib/net452/KernelAPI.dll",
        "C:\\Users\\P Sai Deekshith\\.nuget\\packages\\uipath.omnipage.bundle/1.0.2\\lib/net452/LecsoMgr.dll",
        "C:\\Users\\P Sai Deekshith\\.nuget\\packages\\uipath.omnipage.bundle/1.0.2\\lib/net452/LEditor.dll",
        "C:\\Users\\P Sai Deekshith\\.nuget\\packages\\uipath.omnipage.bundle/1.0.2\\lib/net452/MiddleEarth.dll",
        "C:\\Users\\P Sai Deekshith\\.nuget\\packages\\uipath.omnipage.bundle/1.0.2\\lib/net452/Mor.dll",
        "C:\\Users\\P Sai Deekshith\\.nuget\\packages\\uipath.omnipage.bundle/1.0.2\\lib/net452/Mor2.dll",
        "C:\\Users\\P Sai Deekshith\\.nuget\\packages\\uipath.omnipage.bundle/1.0.2\\lib/net452/Mor3.dll",
        "C:\\Users\\P Sai Deekshith\\.nuget\\packages\\uipath.omnipage.bundle/1.0.2\\lib/net452/Mor4.dll",
        "C:\\Users\\P Sai Deekshith\\.nuget\\packages\\uipath.omnipage.bundle/1.0.2\\lib/net452/Mor5.dll",
        "C:\\Users\\P Sai Deekshith\\.nuget\\packages\\uipath.omnipage.bundle/1.0.2\\lib/net452/Mor6.dll",
        "C:\\Users\\P Sai Deekshith\\.nuget\\packages\\uipath.omnipage.bundle/1.0.2\\lib/net452/MorIF.dll",
        "C:\\Users\\P Sai Deekshith\\.nuget\\packages\\uipath.omnipage.bundle/1.0.2\\lib/net452/msvcp140.dll",
        "C:\\Users\\P Sai Deekshith\\.nuget\\packages\\uipath.omnipage.bundle/1.0.2\\lib/net452/Nuance.OmniPage.CSDK.ArgTypes.dll",
        "C:\\Users\\P Sai Deekshith\\.nuget\\packages\\uipath.omnipage.bundle/1.0.2\\lib/net452/Nuance.OmniPage.CSDK.CAPI.dll",
        "C:\\Users\\P Sai Deekshith\\.nuget\\packages\\uipath.omnipage.bundle/1.0.2\\lib/net452/Nuance.OmniPage.CSDK.Objects.dll",
        "C:\\Users\\P Sai Deekshith\\.nuget\\packages\\uipath.omnipage.bundle/1.0.2\\lib/net452/pccext.dll",
        "C:\\Users\\P Sai Deekshith\\.nuget\\packages\\uipath.omnipage.bundle/1.0.2\\lib/net452/pccext2.dll",
        "C:\\Users\\P Sai Deekshith\\.nuget\\packages\\uipath.omnipage.bundle/1.0.2\\lib/net452/pccext3.dll",
        "C:\\Users\\P Sai Deekshith\\.nuget\\packages\\uipath.omnipage.bundle/1.0.2\\lib/net452/pccext4.dll",
        "C:\\Users\\P Sai Deekshith\\.nuget\\packages\\uipath.omnipage.bundle/1.0.2\\lib/net452/pccext5.dll",
        "C:\\Users\\P Sai Deekshith\\.nuget\\packages\\uipath.omnipage.bundle/1.0.2\\lib/net452/pccext6.dll",
        "C:\\Users\\P Sai Deekshith\\.nuget\\packages\\uipath.omnipage.bundle/1.0.2\\lib/net452/PreRendering.dll",
        "C:\\Users\\P Sai Deekshith\\.nuget\\packages\\uipath.omnipage.bundle/1.0.2\\lib/net452/RecAPIPlus.dll",
        "C:\\Users\\P Sai Deekshith\\.nuget\\packages\\uipath.omnipage.bundle/1.0.2\\lib/net452/RecDiag.dll",
        "C:\\Users\\P Sai Deekshith\\.nuget\\packages\\uipath.omnipage.bundle/1.0.2\\lib/net452/RecPDFNet.dll",
        "C:\\Users\\P Sai Deekshith\\.nuget\\packages\\uipath.omnipage.bundle/1.0.2\\lib/net452/Rendering.dll",
        "C:\\Users\\P Sai Deekshith\\.nuget\\packages\\uipath.omnipage.bundle/1.0.2\\lib/net452/Rendering2.dll",
        "C:\\Users\\P Sai Deekshith\\.nuget\\packages\\uipath.omnipage.bundle/1.0.2\\lib/net452/rndsdawg.dll",
        "C:\\Users\\P Sai Deekshith\\.nuget\\packages\\uipath.omnipage.bundle/1.0.2\\lib/net452/rndsinso.dll",
        "C:\\Users\\P Sai Deekshith\\.nuget\\packages\\uipath.omnipage.bundle/1.0.2\\lib/net452/SkinnedClasses.dll",
        "C:\\Users\\P Sai Deekshith\\.nuget\\packages\\uipath.omnipage.bundle/1.0.2\\lib/net452/SkinnedWindows.dll",
        "C:\\Users\\P Sai Deekshith\\.nuget\\packages\\uipath.omnipage.bundle/1.0.2\\lib/net452/SPDFLib.dll",
        "C:\\Users\\P Sai Deekshith\\.nuget\\packages\\uipath.omnipage.bundle/1.0.2\\lib/net452/UiPath.OmniPage.Bundle.dll",
        "C:\\Users\\P Sai Deekshith\\.nuget\\packages\\uipath.omnipage.bundle/1.0.2\\lib/net452/vcruntime140.dll",
        "C:\\Users\\P Sai Deekshith\\.nuget\\packages\\uipath.omnipage.bundle/1.0.2\\lib/net452/xocr.dll",
        "C:\\Users\\P Sai Deekshith\\.nuget\\packages\\uipath.omnipage.bundle/1.0.2\\lib/net452/xocr2.dll",
        "C:\\Users\\P Sai Deekshith\\.nuget\\packages\\uipath.omnipage.bundle/1.0.2\\lib/net452/xocr3.dll",
        "C:\\Users\\P Sai Deekshith\\.nuget\\packages\\uipath.omnipage.bundle/1.0.2\\lib/net452/xocr4.dll",
        "C:\\Users\\P Sai Deekshith\\.nuget\\packages\\uipath.omnipage.bundle/1.0.2\\lib/net452/xocr5.dll",
        "C:\\Users\\P Sai Deekshith\\.nuget\\packages\\uipath.omnipage.bundle/1.0.2\\lib/net452/xocr6.dll"
      ]
    }
  ],
  "Conflicts": [],
  "ResolvedDependencies": {
    "AForge": {
      "Id": "AForge",
      "Version": "2.2.5",
      "Dependencies": []
    },
    "AForge.Genetic": {
      "Id": "AForge.Genetic",
      "Version": "2.2.5",
      "Dependencies": [
        {
          "Item1": "AForge",
          "Item2": "[2.2.5, )"
        },
        {
          "Item1": "AForge.Math",
          "Item2": "[2.2.5, )"
        }
      ]
    },
    "AForge.Imaging": {
      "Id": "AForge.Imaging",
      "Version": "2.2.5",
      "Dependencies": [
        {
          "Item1": "AForge",
          "Item2": "[2.2.5, )"
        },
        {
          "Item1": "AForge.Math",
          "Item2": "[2.2.5, )"
        }
      ]
    },
    "AForge.Math": {
      "Id": "AForge.Math",
      "Version": "2.2.5",
      "Dependencies": [
        {
          "Item1": "AForge",
          "Item2": "[2.2.5, )"
        }
      ]
    },
    "AForge.Neuro": {
      "Id": "AForge.Neuro",
      "Version": "2.2.5",
      "Dependencies": [
        {
          "Item1": "AForge",
          "Item2": "[2.2.5, )"
        },
        {
          "Item1": "AForge.Math",
          "Item2": "[2.2.5, )"
        },
        {
          "Item1": "AForge.Genetic",
          "Item2": "[2.2.5, )"
        }
      ]
    },
    "AvalonEdit": {
      "Id": "AvalonEdit",
      "Version": "5.0.3",
      "Dependencies": []
    },
    "BitMiracle.Docotic.Pdf": {
      "Id": "BitMiracle.Docotic.Pdf",
      "Version": "7.5.11645",
      "Dependencies": []
    },
    "BouncyCastle": {
      "Id": "BouncyCastle",
      "Version": "1.8.5",
      "Dependencies": []
    },
    "ClosedXML": {
      "Id": "ClosedXML",
      "Version": "0.87.1",
      "Dependencies": [
        {
          "Item1": "DocumentFormat.OpenXml",
          "Item2": "[2.5.0, )"
        }
      ]
    },
    "CsvHelper": {
      "Id": "CsvHelper",
      "Version": "2.13.5",
      "Dependencies": []
    },
    "DocumentFormat.OpenXml": {
      "Id": "DocumentFormat.OpenXml",
      "Version": "2.5.0",
      "Dependencies": []
    },
    "Extended.Wpf.Toolkit": {
      "Id": "Extended.Wpf.Toolkit",
      "Version": "2.8.0",
      "Dependencies": []
    },
    "FSharp.Core": {
      "Id": "FSharp.Core",
      "Version": "4.7.1",
      "Dependencies": []
    },
    "Humanizer.Core": {
      "Id": "Humanizer.Core",
      "Version": "2.4.2",
      "Dependencies": []
    },
    "interop.domino.dll": {
      "Id": "interop.domino.dll",
      "Version": "1.0.0",
      "Dependencies": []
    },
    "IvanAkcheurov.NTextCat.Lib": {
      "Id": "IvanAkcheurov.NTextCat.Lib",
      "Version": "0.2.1.1",
      "Dependencies": []
    },
    "MathNet.Numerics": {
      "Id": "MathNet.Numerics",
      "Version": "4.5.1",
      "Dependencies": []
    },
    "Microsoft.AspNet.SignalR.Client": {
      "Id": "Microsoft.AspNet.SignalR.Client",
      "Version": "2.4.0",
      "Dependencies": [
        {
          "Item1": "Newtonsoft.Json",
          "Item2": "[6.0.4, )"
        }
      ]
    },
    "Microsoft.CSharp": {
      "Id": "Microsoft.CSharp",
      "Version": "4.5.0",
      "Dependencies": []
    },
    "Microsoft.Exchange.WebServices": {
      "Id": "Microsoft.Exchange.WebServices",
      "Version": "2.2.0",
      "Dependencies": []
    },
    "Microsoft.Rest.ClientRuntime": {
      "Id": "Microsoft.Rest.ClientRuntime",
      "Version": "2.3.21",
      "Dependencies": [
        {
          "Item1": "Newtonsoft.Json",
          "Item2": "[10.0.3, )"
        }
      ]
    },
    "Microsoft.VisualStudio.OLE.Interop": {
      "Id": "Microsoft.VisualStudio.OLE.Interop",
      "Version": "7.10.6071",
      "Dependencies": []
    },
    "Microsoft.Xaml.Behaviors.Wpf": {
      "Id": "Microsoft.Xaml.Behaviors.Wpf",
      "Version": "1.0.1",
      "Dependencies": []
    },
    "Newtonsoft.Json": {
      "Id": "Newtonsoft.Json",
      "Version": "11.0.2",
      "Dependencies": []
    },
    "NPOI": {
      "Id": "NPOI",
      "Version": "2.4.1",
      "Dependencies": [
        {
          "Item1": "SharpZipLib",
          "Item2": "[1.0.0, )"
        }
      ]
    },
    "Polly": {
      "Id": "Polly",
      "Version": "7.1.0",
      "Dependencies": []
    },
    "SharpZipLib": {
      "Id": "SharpZipLib",
      "Version": "1.0.0",
      "Dependencies": []
    },
    "System.Collections.Immutable": {
      "Id": "System.Collections.Immutable",
      "Version": "1.5.0",
      "Dependencies": []
    },
    "System.IO.Abstractions": {
      "Id": "System.IO.Abstractions",
      "Version": "3.0.10",
      "Dependencies": []
    },
    "System.IO.Compression": {
      "Id": "System.IO.Compression",
      "Version": "4.3.0",
      "Dependencies": []
    },
    "System.Runtime.CompilerServices.Unsafe": {
      "Id": "System.Runtime.CompilerServices.Unsafe",
      "Version": "4.5.3",
      "Dependencies": []
    },
    "System.Threading.Tasks.Dataflow": {
      "Id": "System.Threading.Tasks.Dataflow",
      "Version": "5.0.0",
      "Dependencies": []
    },
    "System.Threading.Tasks.Extensions": {
      "Id": "System.Threading.Tasks.Extensions",
      "Version": "4.5.4",
      "Dependencies": [
        {
          "Item1": "System.Runtime.CompilerServices.Unsafe",
          "Item2": "[4.5.3, )"
        }
      ]
    },
    "System.ValueTuple": {
      "Id": "System.ValueTuple",
      "Version": "4.5.0",
      "Dependencies": []
    },
    "TinyCsvParser": {
      "Id": "TinyCsvParser",
      "Version": "2.5.2",
      "Dependencies": []
    },
    "UiPath": {
      "Id": "UiPath",
      "Version": "19.10.7452.28108",
      "Dependencies": []
    },
    "UiPath.CefSharpBundle": {
      "Id": "UiPath.CefSharpBundle",
      "Version": "1.4.0",
      "Dependencies": []
    },
    "UiPath.DocumentProcessing.Contracts": {
      "Id": "UiPath.DocumentProcessing.Contracts",
      "Version": "1.10.1",
      "Dependencies": [
        {
          "Item1": "Newtonsoft.Json",
          "Item2": "[11.0.2, )"
        }
      ]
    },
    "UiPath.DocumentUnderstanding.ML.Activities": {
      "Id": "UiPath.DocumentUnderstanding.ML.Activities",
      "Version": "1.7.0",
      "Dependencies": [
        {
          "Item1": "UiPath.DocumentProcessing.Contracts",
          "Item2": "[1.10.1, )"
        },
        {
          "Item1": "Microsoft.Rest.ClientRuntime",
          "Item2": "[2.3.21, )"
        },
        {
          "Item1": "Newtonsoft.Json",
          "Item2": "[11.0.2, )"
        },
        {
          "Item1": "BitMiracle.Docotic.Pdf",
          "Item2": "[7.5.11645, )"
        },
        {
          "Item1": "Polly",
          "Item2": "[7.1.0, )"
        },
        {
          "Item1": "System.Collections.Immutable",
          "Item2": "[1.5.0, )"
        },
        {
          "Item1": "UiPath.Telemetry.Client",
          "Item2": "[1.3.18, )"
        }
      ]
    },
    "UiPath.Excel.Activities": {
      "Id": "UiPath.Excel.Activities",
      "Version": "2.7.2",
      "Dependencies": [
        {
          "Item1": "ClosedXML",
          "Item2": "[0.87.1, )"
        },
        {
          "Item1": "CsvHelper",
          "Item2": "[2.13.5, )"
        },
        {
          "Item1": "DocumentFormat.OpenXml",
          "Item2": "[2.5.0, )"
        },
        {
          "Item1": "Microsoft.VisualStudio.OLE.Interop",
          "Item2": "[7.10.6071, )"
        },
        {
          "Item1": "NPOI",
          "Item2": "[2.4.1, )"
        },
        {
          "Item1": "SharpZipLib",
          "Item2": "[1.0.0, )"
        }
      ]
    },
    "UiPath.IntelligentOCR.Activities": {
      "Id": "UiPath.IntelligentOCR.Activities",
      "Version": "4.13.2",
      "Dependencies": [
        {
          "Item1": "UiPath.DocumentProcessing.Contracts",
          "Item2": "[1.10.1, )"
        },
        {
          "Item1": "UiPath.CefSharpBundle",
          "Item2": "[1.4.0, )"
        },
        {
          "Item1": "Microsoft.Xaml.Behaviors.Wpf",
          "Item2": "[1.0.1, )"
        },
        {
          "Item1": "Newtonsoft.Json",
          "Item2": "[11.0.2, )"
        },
        {
          "Item1": "System.Collections.Immutable",
          "Item2": "[1.5.0, )"
        },
        {
          "Item1": "UiPath.OCR.Contracts",
          "Item2": "[2.7.3, )"
        },
        {
          "Item1": "IvanAkcheurov.NTextCat.Lib",
          "Item2": "[0.2.1.1, )"
        },
        {
          "Item1": "BitMiracle.Docotic.Pdf",
          "Item2": "[7.5.11645, )"
        },
        {
          "Item1": "AForge.Imaging",
          "Item2": "[2.2.5, )"
        },
        {
          "Item1": "AForge.Neuro",
          "Item2": "[2.2.5, )"
        },
        {
          "Item1": "MathNet.Numerics",
          "Item2": "[4.5.1, )"
        },
        {
          "Item1": "Microsoft.CSharp",
          "Item2": "[4.5.0, )"
        },
        {
          "Item1": "System.Threading.Tasks.Extensions",
          "Item2": "[4.5.4, )"
        },
        {
          "Item1": "TinyCsvParser",
          "Item2": "[2.5.2, )"
        },
        {
          "Item1": "UiPath.WordsToNumbers",
          "Item2": "[1.0.0, )"
        },
        {
          "Item1": "System.IO.Abstractions",
          "Item2": "[3.0.10, )"
        },
        {
          "Item1": "Microsoft.Rest.ClientRuntime",
          "Item2": "[2.3.21, )"
        },
        {
          "Item1": "System.IO.Compression",
          "Item2": "[4.3.0, )"
        },
        {
          "Item1": "Polly",
          "Item2": "[7.1.0, )"
        },
        {
          "Item1": "UiPath.Telemetry.Client",
          "Item2": "[1.3.18, )"
        }
      ]
    },
    "UiPath.Mail.Activities": {
      "Id": "UiPath.Mail.Activities",
      "Version": "1.7.2",
      "Dependencies": [
        {
          "Item1": "System.ValueTuple",
          "Item2": "[4.5.0, )"
        },
        {
          "Item1": "Microsoft.Exchange.WebServices",
          "Item2": "[2.2.0, )"
        },
        {
          "Item1": "BouncyCastle",
          "Item2": "[1.8.5, )"
        },
        {
          "Item1": "interop.domino.dll",
          "Item2": "[1.0.0, )"
        }
      ]
    },
    "UiPath.OCR.Contracts": {
      "Id": "UiPath.OCR.Contracts",
      "Version": "2.7.3",
      "Dependencies": []
    },
    "UiPath.OmniPage.Activities": {
      "Id": "UiPath.OmniPage.Activities",
      "Version": "1.7.1",
      "Dependencies": [
        {
          "Item1": "UiPath.OCR.Contracts",
          "Item2": "[2.7.3, )"
        },
        {
          "Item1": "UiPath.OmniPage.Bundle",
          "Item2": "[1.0.2, )"
        },
        {
          "Item1": "Newtonsoft.Json",
          "Item2": "[11.0.2, )"
        }
      ]
    },
    "UiPath.OmniPage.Bundle": {
      "Id": "UiPath.OmniPage.Bundle",
      "Version": "1.0.2",
      "Dependencies": []
    },
    "UiPath.System.Activities": {
      "Id": "UiPath.System.Activities",
      "Version": "19.10.1",
      "Dependencies": [
        {
          "Item1": "CsvHelper",
          "Item2": "[2.13.5, )"
        },
        {
          "Item1": "Microsoft.AspNet.SignalR.Client",
          "Item2": "[2.4.0, )"
        },
        {
          "Item1": "Microsoft.Rest.ClientRuntime",
          "Item2": "[2.3.20, )"
        },
        {
          "Item1": "Newtonsoft.Json",
          "Item2": "[11.0.2, )"
        }
      ]
    },
    "UiPath.Telemetry.Client": {
      "Id": "UiPath.Telemetry.Client",
      "Version": "1.3.18",
      "Dependencies": [
        {
          "Item1": "Newtonsoft.Json",
          "Item2": "[11.0.2, )"
        },
        {
          "Item1": "System.Threading.Tasks.Dataflow",
          "Item2": "[5.0.0, )"
        }
      ]
    },
    "UiPath.UIAutomation.Activities": {
      "Id": "UiPath.UIAutomation.Activities",
      "Version": "19.11.3",
      "Dependencies": [
        {
          "Item1": "UiPath",
          "Item2": "[19.10.7452.28108, )"
        },
        {
          "Item1": "UiPath.Vision",
          "Item2": "[2.0.1, )"
        },
        {
          "Item1": "UiPath.OCR.Contracts",
          "Item2": "[2.2.1, )"
        },
        {
          "Item1": "AvalonEdit",
          "Item2": "[5.0.3, )"
        },
        {
          "Item1": "Extended.Wpf.Toolkit",
          "Item2": "[2.8.0, )"
        },
        {
          "Item1": "Humanizer.Core",
          "Item2": "[2.4.2, )"
        },
        {
          "Item1": "Newtonsoft.Json",
          "Item2": "[11.0.2, )"
        }
      ]
    },
    "UiPath.Vision": {
      "Id": "UiPath.Vision",
      "Version": "2.0.1",
      "Dependencies": [
        {
          "Item1": "UiPath.OCR.Contracts",
          "Item2": "[2.2.1, )"
        }
      ]
    },
    "UiPath.WordsToNumbers": {
      "Id": "UiPath.WordsToNumbers",
      "Version": "1.0.0",
      "Dependencies": [
        {
          "Item1": "FSharp.Core",
          "Item2": "[4.7.1, )"
        }
      ]
    }
  }
}