{"DocumentId":"result1","ContentType":"application/pdf","Length":1235,"Pages":[{"PageIndex":0,"Size":[0.0,0.0,594.0,841.0],"Sections":[{"IndexInText":0,"Language":"bul","Length":9,"Rotation":"None","SkewAngle":0.0,"Type":"Paragraph","WordGroups":[{"IndexInText":0,"Length":9,"Type":"Other","Words":[{"Box":[13.6836,26.4531,35.568,10.9141],"Polygon":[26.4531,13.6836,62.0211,13.6836,62.0211,24.5977,26.4531,24.5977],"IndexInText":0,"OcrConfidence":1.0,"Text":"6/13/2021","VisualLineNumber":0}]}]},{"IndexInText":11,"Language":"eng","Length":76,"Rotation":"None","SkewAngle":0.0,"Type":"Paragraph","WordGroups":[{"IndexInText":11,"Length":76,"Type":"Other","Words":[{"Box":[33.4877,71.594,19.3711,13.7841],"Polygon":[71.594,33.4877,90.9651,33.4877,90.9651,47.2718,71.594,47.2718],"IndexInText":11,"OcrConfidence":1.0,"Text":"5TH","VisualLineNumber":1},{"Box":[33.4877,93.4646,54.2686,13.7841],"Polygon":[93.4646,33.4877,147.7332,33.4877,147.7332,47.2718,93.4646,47.2718],"IndexInText":15,"OcrConfidence":1.0,"Text":"SEMESTER","VisualLineNumber":1},{"Box":[33.4877,150.226,58.122,13.7841],"Polygon":[150.226,33.4877,208.348,33.4877,208.348,47.2718,150.226,47.2718],"IndexInText":24,"OcrConfidence":1.0,"Text":"COMPUTER","VisualLineNumber":1},{"Box":[33.4877,210.8408,44.2908,13.7841],"Polygon":[210.8408,33.4877,255.1316,33.4877,255.1316,47.2718,210.8408,47.2718],"IndexInText":33,"OcrConfidence":1.0,"Text":"SCIENCE","VisualLineNumber":1},{"Box":[33.4877,257.6327,21.5867,13.7841],"Polygon":[257.6327,33.4877,279.2194,33.4877,279.2194,47.2718,257.6327,47.2718],"IndexInText":41,"OcrConfidence":1.0,"Text":"AND","VisualLineNumber":1},{"Box":[33.4877,281.7122,71.9725,13.7841],"Polygon":[281.7122,33.4877,353.6847,33.4877,353.6847,47.2718,281.7122,47.2718],"IndexInText":45,"OcrConfidence":1.0,"Text":"ENGINEERING","VisualLineNumber":1},{"Box":[33.4877,356.1842,70.3068,13.7841],"Polygon":[356.1842,33.4877,426.491,33.4877,426.491,47.2718,356.1842,47.2718],"IndexInText":57,"OcrConfidence":1.0,"Text":"PROVISIONAL","VisualLineNumber":1},{"Box":[33.4877,428.9921,44.4987,13.7841],"Polygon":[428.9921,33.4877,473.4908,33.4877,473.4908,47.2718,428.9921,47.2718],"IndexInText":69,"OcrConfidence":1.0,"Text":"RESULTS","VisualLineNumber":1},{"Box":[33.4877,475.9835,26.0095,13.7841],"Polygon":[475.9835,33.4877,501.993,33.4877,501.993,47.2718,475.9835,47.2718],"IndexInText":77,"OcrConfidence":1.0,"Text":"--JAN","VisualLineNumber":1},{"Box":[33.4877,504.4858,19.9293,13.7841],"Polygon":[504.4858,33.4877,524.4151,33.4877,524.4151,47.2718,504.4858,47.2718],"IndexInText":83,"OcrConfidence":1.0,"Text":"2021","VisualLineNumber":1}]}]},{"IndexInText":89,"Language":"eng","Length":1052,"Rotation":"None","SkewAngle":0.0,"Type":"Table","WordGroups":[{"IndexInText":89,"Length":1,"Type":"TableCell","Words":[{"Box":[0.0,0.0,0.0,0.0],"IndexInText":89,"OcrConfidence":1.0,"Text":" ","VisualLineNumber":-1}]},{"IndexInText":103,"Length":16,"Type":"TableCell","Words":[{"Box":[63.5981,245.6397,24.0111,16.6073],"Polygon":[245.6397,63.5981,269.6508,63.5981,269.6508,80.2054,245.6397,80.2054],"IndexInText":103,"OcrConfidence":1.0,"Text":"USN","VisualLineNumber":2},{"Box":[63.5981,272.6523,3.9979,16.6073],"Polygon":[272.6523,63.5981,276.6502,63.5981,276.6502,80.2054,272.6523,80.2054],"IndexInText":107,"OcrConfidence":1.0,"Text":":","VisualLineNumber":2},{"Box":[63.5981,279.6515,70.6769,16.6073],"Polygon":[279.6515,63.5981,350.3284,63.5981,350.3284,80.2054,279.6515,80.2054],"IndexInText":109,"OcrConfidence":1.0,"Text":"1BM18CS150","VisualLineNumber":2}]},{"IndexInText":145,"Length":1,"Type":"TableCell","Words":[{"Box":[0.0,0.0,0.0,0.0],"IndexInText":145,"OcrConfidence":1.0,"Text":" ","VisualLineNumber":-1}]},{"IndexInText":151,"Length":1,"Type":"TableCell","Words":[{"Box":[0.0,0.0,0.0,0.0],"IndexInText":151,"OcrConfidence":1.0,"Text":" ","VisualLineNumber":-1}]},{"IndexInText":163,"Length":1,"Type":"TableRowEnd","Words":[{"Box":[0.0,0.0,0.0,0.0],"IndexInText":163,"OcrConfidence":1.0,"Text":" ","VisualLineNumber":-1}]},{"IndexInText":170,"Length":1,"Type":"TableCell","Words":[{"Box":[0.0,0.0,0.0,0.0],"IndexInText":170,"OcrConfidence":1.0,"Text":" ","VisualLineNumber":-1}]},{"IndexInText":184,"Length":26,"Type":"TableCell","Words":[{"Box":[80.1058,214.6175,40.0146,16.6073],"Polygon":[214.6175,80.1058,254.6321,80.1058,254.6321,96.7131,214.6175,96.7131],"IndexInText":184,"OcrConfidence":1.0,"Text":"Student","VisualLineNumber":3},{"Box":[80.1058,257.6335,29.9899,16.6073],"Polygon":[257.6335,80.1058,287.6234,80.1058,287.6234,96.7131,257.6335,96.7131],"IndexInText":192,"OcrConfidence":1.0,"Text":"Name","VisualLineNumber":3},{"Box":[80.1058,290.6248,3.9979,16.6073],"Polygon":[290.6248,80.1058,294.6227,80.1058,294.6227,96.7131,290.6248,96.7131],"IndexInText":197,"OcrConfidence":1.0,"Text":":","VisualLineNumber":3},{"Box":[80.1058,297.6241,39.3302,16.6073],"Polygon":[297.6241,80.1058,336.9543,80.1058,336.9543,96.7131,297.6241,96.7131],"IndexInText":199,"OcrConfidence":1.0,"Text":"ANKIT","VisualLineNumber":3},{"Box":[80.1058,339.9557,41.3352,16.6073],"Polygon":[339.9557,80.1058,381.2909,80.1058,381.2909,96.7131,339.9557,96.7131],"IndexInText":205,"OcrConfidence":1.0,"Text":"KESAR","VisualLineNumber":3}]},{"IndexInText":226,"Length":1,"Type":"TableCell","Words":[{"Box":[0.0,0.0,0.0,0.0],"IndexInText":226,"OcrConfidence":1.0,"Text":" ","VisualLineNumber":-1}]},{"IndexInText":232,"Length":1,"Type":"TableCell","Words":[{"Box":[0.0,0.0,0.0,0.0],"IndexInText":232,"OcrConfidence":1.0,"Text":" ","VisualLineNumber":-1}]},{"IndexInText":244,"Length":1,"Type":"TableRowEnd","Words":[{"Box":[0.0,0.0,0.0,0.0],"IndexInText":244,"OcrConfidence":1.0,"Text":" ","VisualLineNumber":-1}]},{"IndexInText":251,"Length":11,"Type":"TableCell","Words":[{"Box":[96.6134,48.087,68.3238,16.6073],"Polygon":[48.087,96.6134,116.4108,96.6134,116.4108,113.2207,48.087,113.2207],"IndexInText":251,"OcrConfidence":1.0,"Text":"SubjectCode","VisualLineNumber":4}]},{"IndexInText":265,"Length":11,"Type":"TableCell","Words":[{"Box":[96.6134,219.3892,71.6494,16.6073],"Polygon":[219.3892,96.6134,291.0386,96.6134,291.0386,113.2207,219.3892,113.2207],"IndexInText":265,"OcrConfidence":1.0,"Text":"SubjectName","VisualLineNumber":4}]},{"IndexInText":307,"Length":3,"Type":"TableCell","Words":[{"Box":[96.6134,385.6149,21.3339,16.6073],"Polygon":[385.6149,96.6134,406.9488,96.6134,406.9488,113.2207,385.6149,113.2207],"IndexInText":307,"OcrConfidence":1.0,"Text":"CIE","VisualLineNumber":4}]},{"IndexInText":313,"Length":9,"Type":"TableCell","Words":[{"Box":[96.6134,415.3357,22.6666,16.6073],"Polygon":[415.3357,96.6134,438.0023,96.6134,438.0023,113.2207,415.3357,113.2207],"IndexInText":313,"OcrConfidence":1.0,"Text":"SEE","VisualLineNumber":4},{"Box":[96.6134,448.6207,40.9094,16.6073],"Polygon":[448.6207,96.6134,489.5301,96.6134,489.5301,113.2207,448.6207,113.2207],"IndexInText":317,"OcrConfidence":1.0,"Text":"TOTAL","VisualLineNumber":4}]},{"IndexInText":325,"Length":6,"Type":"TableRowEnd","Words":[{"Box":[96.6134,502.9624,50.0032,16.6073],"Polygon":[502.9624,96.6134,552.9656,96.6134,552.9656,113.2207,502.9624,113.2207],"IndexInText":325,"OcrConfidence":1.0,"Text":"GRADES","VisualLineNumber":4}]},{"IndexInText":332,"Length":10,"Type":"TableCell","Words":[{"Box":[113.3146,37.2538,66.691,16.1618],"Polygon":[37.2538,113.3146,103.9448,113.3146,103.9448,129.4764,37.2538,129.4764],"IndexInText":332,"OcrConfidence":1.0,"Text":"20CS5PCAIP","VisualLineNumber":5}]},{"IndexInText":346,"Length":23,"Type":"TableCell","Words":[{"Box":[113.3146,130.2971,43.9283,16.1618],"Polygon":[130.2971,113.3146,174.2254,113.3146,174.2254,129.4764,130.2971,129.4764],"IndexInText":346,"OcrConfidence":1.0,"Text":"Artificial","VisualLineNumber":5},{"Box":[113.3146,177.2269,56.5823,16.1618],"Polygon":[177.2269,113.3146,233.8092,113.3146,233.8092,129.4764,177.2269,129.4764],"IndexInText":357,"OcrConfidence":1.0,"Text":"Intelligence","VisualLineNumber":5}]},{"IndexInText":388,"Length":2,"Type":"TableCell","Words":[{"Box":[113.3146,383.1645,12.0056,16.1618],"Polygon":[383.1645,113.3146,395.1701,113.3146,395.1701,129.4764,383.1645,129.4764],"IndexInText":388,"OcrConfidence":1.0,"Text":"47","VisualLineNumber":5}]},{"IndexInText":394,"Length":5,"Type":"TableCell","Words":[{"Box":[113.3146,412.4281,12.0056,16.1618],"Polygon":[412.4281,113.3146,424.4337,113.3146,424.4337,129.4764,412.4281,129.4764],"IndexInText":394,"OcrConfidence":1.0,"Text":"70","VisualLineNumber":5},{"Box":[113.1211,443.9428,12.0056,16.6073],"Polygon":[443.9428,113.1211,455.9484,113.1211,455.9484,129.7284,443.9428,129.7284],"IndexInText":397,"OcrConfidence":1.0,"Text":"82","VisualLineNumber":5}]},{"IndexInText":406,"Length":1,"Type":"TableRowEnd","Words":[{"Box":[113.1211,497.2175,8.668,16.6073],"Polygon":[497.2175,113.1211,505.8855,113.1211,505.8855,129.7284,497.2175,129.7284],"IndexInText":406,"OcrConfidence":1.0,"Text":"A","VisualLineNumber":5}]},{"IndexInText":413,"Length":10,"Type":"TableCell","Words":[{"Box":[129.8222,37.2538,72.6818,16.1618],"Polygon":[37.2538,129.8222,109.9356,129.8222,109.9356,145.984,37.2538,145.984],"IndexInText":413,"OcrConfidence":1.0,"Text":"20CS5PCCON","VisualLineNumber":6}]},{"IndexInText":427,"Length":17,"Type":"TableCell","Words":[{"Box":[129.8222,130.2971,47.9743,16.1618],"Polygon":[130.2971,129.8222,178.2714,129.8222,178.2714,145.984,130.2971,145.984],"IndexInText":427,"OcrConfidence":1.0,"Text":"Computer","VisualLineNumber":6},{"Box":[129.8222,181.2727,46.6537,16.1618],"Polygon":[181.2727,129.8222,227.9264,129.8222,227.9264,145.984,181.2727,145.984],"IndexInText":436,"OcrConfidence":1.0,"Text":"Networks","VisualLineNumber":6}]},{"IndexInText":469,"Length":2,"Type":"TableCell","Words":[{"Box":[129.8222,383.1645,12.0056,16.1618],"Polygon":[383.1645,129.8222,395.1701,129.8222,395.1701,145.984,383.1645,145.984],"IndexInText":469,"OcrConfidence":1.0,"Text":"48","VisualLineNumber":6}]},{"IndexInText":475,"Length":5,"Type":"TableCell","Words":[{"Box":[129.8222,412.4281,12.0056,16.1618],"Polygon":[412.4281,129.8222,424.4337,129.8222,424.4337,145.984,412.4281,145.984],"IndexInText":475,"OcrConfidence":1.0,"Text":"63","VisualLineNumber":6},{"Box":[129.6288,443.9428,12.0056,16.6073],"Polygon":[443.9428,129.6288,455.9484,129.6288,455.9484,146.2361,443.9428,146.2361],"IndexInText":478,"OcrConfidence":1.0,"Text":"80","VisualLineNumber":6}]},{"IndexInText":487,"Length":1,"Type":"TableRowEnd","Words":[{"Box":[129.6288,497.2175,8.668,16.6073],"Polygon":[497.2175,129.6288,505.8855,129.6288,505.8855,146.2361,497.2175,146.2361],"IndexInText":487,"OcrConfidence":1.0,"Text":"A","VisualLineNumber":6}]},{"IndexInText":494,"Length":10,"Type":"TableCell","Words":[{"Box":[146.3299,37.2538,69.3683,16.1618],"Polygon":[37.2538,146.3299,106.6221,146.3299,106.6221,162.4917,37.2538,162.4917],"IndexInText":494,"OcrConfidence":1.0,"Text":"20CS5PCUSP","VisualLineNumber":7}]},{"IndexInText":508,"Length":33,"Type":"TableCell","Words":[{"Box":[146.3299,130.2971,23.9991,16.1618],"Polygon":[130.2971,146.3299,154.2962,146.3299,154.2962,162.4917,130.2971,162.4917],"IndexInText":508,"OcrConfidence":1.0,"Text":"Unix","VisualLineNumber":7},{"Box":[146.3299,157.2976,24.6474,16.1618],"Polygon":[157.2976,146.3299,181.945,146.3299,181.945,162.4917,157.2976,162.4917],"IndexInText":513,"OcrConfidence":1.0,"Text":"Shell","VisualLineNumber":7},{"Box":[146.3299,184.9464,17.3241,16.1618],"Polygon":[184.9464,146.3299,202.2705,146.3299,202.2705,162.4917,184.9464,162.4917],"IndexInText":519,"OcrConfidence":1.0,"Text":"and","VisualLineNumber":7},{"Box":[146.3299,205.2719,35.3204,16.1618],"Polygon":[205.2719,146.3299,240.5923,146.3299,240.5923,162.4917,205.2719,162.4917],"IndexInText":523,"OcrConfidence":1.0,"Text":"System","VisualLineNumber":7},{"Box":[146.3299,243.5937,65.9827,16.1618],"Polygon":[243.5937,146.3299,309.5764,146.3299,309.5764,162.4917,243.5937,162.4917],"IndexInText":530,"OcrConfidence":1.0,"Text":"Programming","VisualLineNumber":7}]},{"IndexInText":550,"Length":2,"Type":"TableCell","Words":[{"Box":[146.3299,383.1645,12.0056,16.1618],"Polygon":[383.1645,146.3299,395.1701,146.3299,395.1701,162.4917,383.1645,162.4917],"IndexInText":550,"OcrConfidence":1.0,"Text":"50","VisualLineNumber":7}]},{"IndexInText":556,"Length":5,"Type":"TableCell","Words":[{"Box":[146.3299,412.4281,12.0056,16.1618],"Polygon":[412.4281,146.3299,424.4337,146.3299,424.4337,162.4917,412.4281,162.4917],"IndexInText":556,"OcrConfidence":1.0,"Text":"85","VisualLineNumber":7},{"Box":[146.1364,443.9428,12.0056,16.6073],"Polygon":[443.9428,146.1364,455.9484,146.1364,455.9484,162.7437,443.9428,162.7437],"IndexInText":559,"OcrConfidence":1.0,"Text":"93","VisualLineNumber":7}]},{"IndexInText":568,"Length":1,"Type":"TableRowEnd","Words":[{"Box":[146.1364,497.2175,6.6751,16.6073],"Polygon":[497.2175,146.1364,503.8926,146.1364,503.8926,162.7437,497.2175,162.7437],"IndexInText":568,"OcrConfidence":1.0,"Text":"S","VisualLineNumber":7}]},{"IndexInText":575,"Length":10,"Type":"TableCell","Words":[{"Box":[162.8376,37.2538,70.0165,16.1618],"Polygon":[37.2538,162.8376,107.2703,162.8376,107.2703,178.9994,37.2538,178.9994],"IndexInText":575,"OcrConfidence":1.0,"Text":"20CS5PCSEG","VisualLineNumber":8}]},{"IndexInText":589,"Length":20,"Type":"TableCell","Words":[{"Box":[162.8376,130.2971,43.3041,16.1618],"Polygon":[130.2971,162.8376,173.6012,162.8376,173.6012,178.9994,130.2971,178.9994],"IndexInText":589,"OcrConfidence":1.0,"Text":"Software","VisualLineNumber":8},{"Box":[162.8376,176.6026,58.6232,16.1618],"Polygon":[176.6026,162.8376,235.2258,162.8376,235.2258,178.9994,176.6026,178.9994],"IndexInText":598,"OcrConfidence":1.0,"Text":"Engineering","VisualLineNumber":8}]},{"IndexInText":631,"Length":2,"Type":"TableCell","Words":[{"Box":[162.8376,383.1645,12.0056,16.1618],"Polygon":[383.1645,162.8376,395.1701,162.8376,395.1701,178.9994,383.1645,178.9994],"IndexInText":631,"OcrConfidence":1.0,"Text":"40","VisualLineNumber":8}]},{"IndexInText":637,"Length":5,"Type":"TableCell","Words":[{"Box":[162.8376,412.4281,12.0056,16.1618],"Polygon":[412.4281,162.8376,424.4337,162.8376,424.4337,178.9994,412.4281,178.9994],"IndexInText":637,"OcrConfidence":1.0,"Text":"52","VisualLineNumber":8},{"Box":[162.6441,443.9428,12.0056,16.6073],"Polygon":[443.9428,162.6441,455.9484,162.6441,455.9484,179.2514,443.9428,179.2514],"IndexInText":640,"OcrConfidence":1.0,"Text":"66","VisualLineNumber":8}]},{"IndexInText":649,"Length":1,"Type":"TableRowEnd","Words":[{"Box":[162.6441,497.2175,7.9957,16.6073],"Polygon":[497.2175,162.6441,505.2132,162.6441,505.2132,179.2514,497.2175,179.2514],"IndexInText":649,"OcrConfidence":1.0,"Text":"B","VisualLineNumber":8}]},{"IndexInText":656,"Length":10,"Type":"TableCell","Words":[{"Box":[179.3452,37.2538,72.0455,16.1618],"Polygon":[37.2538,179.3452,109.2993,179.3452,109.2993,195.507,37.2538,195.507],"IndexInText":656,"OcrConfidence":1.0,"Text":"20CS5HSSPM","VisualLineNumber":9}]},{"IndexInText":670,"Length":39,"Type":"TableCell","Words":[{"Box":[179.3452,130.2971,43.3041,16.1618],"Polygon":[130.2971,179.3452,173.6012,179.3452,173.6012,195.507,130.2971,195.507],"IndexInText":670,"OcrConfidence":1.0,"Text":"Software","VisualLineNumber":9},{"Box":[179.3452,176.6026,33.9637,16.1618],"Polygon":[176.6026,179.3452,210.5663,179.3452,210.5663,195.507,176.6026,195.507],"IndexInText":679,"OcrConfidence":1.0,"Text":"Project","VisualLineNumber":9},{"Box":[179.3452,213.5677,62.6091,16.1618],"Polygon":[213.5677,179.3452,276.1768,179.3452,276.1768,195.507,213.5677,195.507],"IndexInText":687,"OcrConfidence":1.0,"Text":"Management","VisualLineNumber":9},{"Box":[179.3452,279.1782,17.3241,16.1618],"Polygon":[279.1782,179.3452,296.5023,179.3452,296.5023,195.507,279.1782,195.507],"IndexInText":698,"OcrConfidence":1.0,"Text":"and","VisualLineNumber":9},{"Box":[179.3452,299.5037,37.9616,16.1618],"Polygon":[299.5037,179.3452,337.4653,179.3452,337.4653,195.507,299.5037,195.507],"IndexInText":702,"OcrConfidence":1.0,"Text":"Finance","VisualLineNumber":9}]},{"IndexInText":712,"Length":2,"Type":"TableCell","Words":[{"Box":[179.3452,383.1645,12.0056,16.1618],"Polygon":[383.1645,179.3452,395.1701,179.3452,395.1701,195.507,383.1645,195.507],"IndexInText":712,"OcrConfidence":1.0,"Text":"45","VisualLineNumber":9}]},{"IndexInText":718,"Length":5,"Type":"TableCell","Words":[{"Box":[179.3452,412.4281,12.0056,16.1618],"Polygon":[412.4281,179.3452,424.4337,179.3452,424.4337,195.507,412.4281,195.507],"IndexInText":718,"OcrConfidence":1.0,"Text":"56","VisualLineNumber":9},{"Box":[179.1518,443.9428,12.0056,16.6073],"Polygon":[443.9428,179.1518,455.9484,179.1518,455.9484,195.7591,443.9428,195.7591],"IndexInText":721,"OcrConfidence":1.0,"Text":"73","VisualLineNumber":9}]},{"IndexInText":730,"Length":1,"Type":"TableRowEnd","Words":[{"Box":[179.1518,497.2175,7.9957,16.6073],"Polygon":[497.2175,179.1518,505.2132,179.1518,505.2132,195.7591,497.2175,195.7591],"IndexInText":730,"OcrConfidence":1.0,"Text":"B","VisualLineNumber":9}]},{"IndexInText":737,"Length":10,"Type":"TableCell","Words":[{"Box":[195.8529,37.2538,70.6889,16.1618],"Polygon":[37.2538,195.8529,107.9427,195.8529,107.9427,212.0147,37.2538,212.0147],"IndexInText":737,"OcrConfidence":1.0,"Text":"20CS5PEADS","VisualLineNumber":10}]},{"IndexInText":751,"Length":24,"Type":"TableCell","Words":[{"Box":[195.8529,130.2971,48.6346,16.1618],"Polygon":[130.2971,195.8529,178.9317,195.8529,178.9317,212.0147,130.2971,212.0147],"IndexInText":751,"OcrConfidence":1.0,"Text":"Advanced","VisualLineNumber":10},{"Box":[195.8529,181.933,22.6306,16.1618],"Polygon":[181.933,195.8529,204.5636,195.8529,204.5636,212.0147,181.933,212.0147],"IndexInText":760,"OcrConfidence":1.0,"Text":"Data","VisualLineNumber":10},{"Box":[195.8529,207.565,48.6346,16.1618],"Polygon":[207.565,195.8529,256.1996,195.8529,256.1996,212.0147,207.565,212.0147],"IndexInText":765,"OcrConfidence":1.0,"Text":"Structures","VisualLineNumber":10}]},{"IndexInText":793,"Length":2,"Type":"TableCell","Words":[{"Box":[195.8529,383.1645,12.0056,16.1618],"Polygon":[383.1645,195.8529,395.1701,195.8529,395.1701,212.0147,383.1645,212.0147],"IndexInText":793,"OcrConfidence":1.0,"Text":"49","VisualLineNumber":10}]},{"IndexInText":799,"Length":5,"Type":"TableCell","Words":[{"Box":[195.8529,412.4281,12.0056,16.1618],"Polygon":[412.4281,195.8529,424.4337,195.8529,424.4337,212.0147,412.4281,212.0147],"IndexInText":799,"OcrConfidence":1.0,"Text":"72","VisualLineNumber":10},{"Box":[195.6595,443.9428,12.0056,16.6073],"Polygon":[443.9428,195.6595,455.9484,195.6595,455.9484,212.2668,443.9428,212.2668],"IndexInText":802,"OcrConfidence":1.0,"Text":"85","VisualLineNumber":10}]},{"IndexInText":811,"Length":1,"Type":"TableRowEnd","Words":[{"Box":[195.6595,497.2175,8.668,16.6073],"Polygon":[497.2175,195.6595,505.8855,195.6595,505.8855,212.2668,497.2175,212.2668],"IndexInText":811,"OcrConfidence":1.0,"Text":"A","VisualLineNumber":10}]},{"IndexInText":818,"Length":10,"Type":"TableCell","Words":[{"Box":[212.3606,37.2538,66.667,16.1618],"Polygon":[37.2538,212.3606,103.9208,212.3606,103.9208,228.5224,37.2538,228.5224],"IndexInText":818,"OcrConfidence":1.0,"Text":"20CS5PEIOT","VisualLineNumber":11}]},{"IndexInText":832,"Length":18,"Type":"TableCell","Words":[{"Box":[212.3606,130.2971,37.2892,16.1618],"Polygon":[130.2971,212.3606,167.5863,212.3606,167.5863,228.5224,130.2971,228.5224],"IndexInText":832,"OcrConfidence":1.0,"Text":"Internet","VisualLineNumber":11},{"Box":[212.3606,170.5878,10.0007,16.1618],"Polygon":[170.5878,212.3606,180.5885,212.3606,180.5885,228.5224,170.5878,228.5224],"IndexInText":841,"OcrConfidence":1.0,"Text":"of","VisualLineNumber":11},{"Box":[212.3606,183.5898,33.3275,16.1618],"Polygon":[183.5898,212.3606,216.9173,212.3606,216.9173,228.5224,183.5898,228.5224],"IndexInText":844,"OcrConfidence":1.0,"Text":"Things","VisualLineNumber":11}]},{"IndexInText":874,"Length":1,"Type":"TableCell","Words":[{"Box":[212.3606,383.1645,3.9979,16.1618],"Polygon":[383.1645,212.3606,387.1624,212.3606,387.1624,228.5224,383.1645,228.5224],"IndexInText":874,"OcrConfidence":1.0,"Text":"-","VisualLineNumber":11}]},{"IndexInText":880,"Length":3,"Type":"TableCell","Words":[{"Box":[212.3606,412.4281,3.9979,16.1618],"Polygon":[412.4281,212.3606,416.426,212.3606,416.426,228.5224,412.4281,228.5224],"IndexInText":880,"OcrConfidence":1.0,"Text":"-","VisualLineNumber":11},{"Box":[212.1671,443.9428,3.9979,16.6073],"Polygon":[443.9428,212.1671,447.9407,212.1671,447.9407,228.7744,443.9428,228.7744],"IndexInText":882,"OcrConfidence":1.0,"Text":"-","VisualLineNumber":11}]},{"IndexInText":892,"Length":1,"Type":"TableRowEnd","Words":[{"Box":[212.1671,497.2175,3.9979,16.6073],"Polygon":[497.2175,212.1671,501.2154,212.1671,501.2154,228.7744,497.2175,228.7744],"IndexInText":892,"OcrConfidence":1.0,"Text":"-","VisualLineNumber":11}]},{"IndexInText":899,"Length":10,"Type":"TableCell","Words":[{"Box":[228.8682,37.2538,72.6818,16.1618],"Polygon":[37.2538,228.8682,109.9356,228.8682,109.9356,245.03,37.2538,245.03],"IndexInText":899,"OcrConfidence":1.0,"Text":"20CS5PEAAG","VisualLineNumber":12}]},{"IndexInText":913,"Length":19,"Type":"TableCell","Words":[{"Box":[228.8682,130.2971,48.6346,16.1618],"Polygon":[130.2971,228.8682,178.9317,228.8682,178.9317,245.03,130.2971,245.03],"IndexInText":913,"OcrConfidence":1.0,"Text":"Advanced","VisualLineNumber":12},{"Box":[228.8682,181.933,54.6495,16.1618],"Polygon":[181.933,228.8682,236.5825,228.8682,236.5825,245.03,181.933,245.03],"IndexInText":922,"OcrConfidence":1.0,"Text":"Algorithms","VisualLineNumber":12}]},{"IndexInText":955,"Length":2,"Type":"TableCell","Words":[{"Box":[228.8682,383.1645,12.0056,16.1618],"Polygon":[383.1645,228.8682,395.1701,228.8682,395.1701,245.03,383.1645,245.03],"IndexInText":955,"OcrConfidence":1.0,"Text":"43","VisualLineNumber":12}]},{"IndexInText":961,"Length":5,"Type":"TableCell","Words":[{"Box":[228.8682,412.4281,12.0056,16.1618],"Polygon":[412.4281,228.8682,424.4337,228.8682,424.4337,245.03,412.4281,245.03],"IndexInText":961,"OcrConfidence":1.0,"Text":"67","VisualLineNumber":12},{"Box":[228.6748,443.9428,12.0056,16.6073],"Polygon":[443.9428,228.6748,455.9484,228.6748,455.9484,245.2821,443.9428,245.2821],"IndexInText":964,"OcrConfidence":1.0,"Text":"77","VisualLineNumber":12}]},{"IndexInText":973,"Length":1,"Type":"TableRowEnd","Words":[{"Box":[228.6748,497.2175,8.668,16.6073],"Polygon":[497.2175,228.6748,505.8855,228.6748,505.8855,245.2821,497.2175,245.2821],"IndexInText":973,"OcrConfidence":1.0,"Text":"A","VisualLineNumber":12}]},{"IndexInText":980,"Length":10,"Type":"TableCell","Words":[{"Box":[245.3759,37.2538,74.6747,16.1618],"Polygon":[37.2538,245.3759,111.9285,245.3759,111.9285,261.5377,37.2538,261.5377],"IndexInText":980,"OcrConfidence":1.0,"Text":"20CS5PWPW3","VisualLineNumber":13}]},{"IndexInText":994,"Length":14,"Type":"TableCell","Words":[{"Box":[245.3759,130.2971,33.9637,16.1618],"Polygon":[130.2971,245.3759,164.2608,245.3759,164.2608,261.5377,130.2971,261.5377],"IndexInText":994,"OcrConfidence":1.0,"Text":"Project","VisualLineNumber":13},{"Box":[245.3759,167.2622,36.4164,16.1618],"Polygon":[167.2622,245.3759,203.6786,245.3759,203.6786,261.5377,167.2622,261.5377],"IndexInText":1002,"OcrConfidence":1.0,"Text":"Work-3","VisualLineNumber":13}]},{"IndexInText":1036,"Length":2,"Type":"TableCell","Words":[{"Box":[245.3759,383.1645,12.0056,16.1618],"Polygon":[383.1645,245.3759,395.1701,245.3759,395.1701,261.5377,383.1645,261.5377],"IndexInText":1036,"OcrConfidence":1.0,"Text":"46","VisualLineNumber":13}]},{"IndexInText":1042,"Length":5,"Type":"TableCell","Words":[{"Box":[245.3759,412.4281,12.0056,16.1618],"Polygon":[412.4281,245.3759,424.4337,245.3759,424.4337,261.5377,412.4281,261.5377],"IndexInText":1042,"OcrConfidence":1.0,"Text":"48","VisualLineNumber":13},{"Box":[245.1825,443.9428,12.0056,16.6073],"Polygon":[443.9428,245.1825,455.9484,245.1825,455.9484,261.7898,443.9428,261.7898],"IndexInText":1045,"OcrConfidence":1.0,"Text":"94","VisualLineNumber":13}]},{"IndexInText":1054,"Length":1,"Type":"TableRowEnd","Words":[{"Box":[245.1825,497.2175,6.6751,16.6073],"Polygon":[497.2175,245.1825,503.8926,245.1825,503.8926,261.7898,497.2175,261.7898],"IndexInText":1054,"OcrConfidence":1.0,"Text":"S","VisualLineNumber":13}]},{"IndexInText":1061,"Length":10,"Type":"TableCell","Words":[{"Box":[261.8836,37.2538,72.0095,16.1618],"Polygon":[37.2538,261.8836,109.2633,261.8836,109.2633,278.0454,37.2538,278.0454],"IndexInText":1061,"OcrConfidence":1.0,"Text":"20CS5NCNC5","VisualLineNumber":14}]},{"IndexInText":1075,"Length":33,"Type":"TableCell","Words":[{"Box":[261.8836,130.2971,37.3253,16.1618],"Polygon":[130.2971,261.8836,167.6224,261.8836,167.6224,278.0454,130.2971,278.0454],"IndexInText":1075,"OcrConfidence":1.0,"Text":"Making","VisualLineNumber":14},{"Box":[261.8836,170.6238,33.2909,16.1618],"Polygon":[170.6238,261.8836,203.9147,261.8836,203.9147,278.0454,170.6238,278.0454],"IndexInText":1082,"OcrConfidence":1.0,"Text":"Videos","VisualLineNumber":14},{"Box":[261.8836,206.916,21.322,16.1618],"Polygon":[206.916,261.8836,228.238,261.8836,228.238,278.0454,206.916,278.0454],"IndexInText":1089,"OcrConfidence":1.0,"Text":"with","VisualLineNumber":14},{"Box":[261.8836,231.2393,29.9659,16.1618],"Polygon":[231.2393,261.8836,261.2052,261.8836,261.2052,278.0454,231.2393,278.0454],"IndexInText":1094,"OcrConfidence":1.0,"Text":"Social","VisualLineNumber":14},{"Box":[261.8836,264.2067,41.9715,16.1618],"Polygon":[264.2067,261.8836,306.1782,261.8836,306.1782,278.0454,264.2067,278.0454],"IndexInText":1101,"OcrConfidence":1.0,"Text":"Message","VisualLineNumber":14}]},{"IndexInText":1117,"Length":1,"Type":"TableCell","Words":[{"Box":[261.8836,383.1645,3.9979,16.1618],"Polygon":[383.1645,261.8836,387.1624,261.8836,387.1624,278.0454,383.1645,278.0454],"IndexInText":1117,"OcrConfidence":1.0,"Text":"-","VisualLineNumber":14}]},{"IndexInText":1123,"Length":3,"Type":"TableCell","Words":[{"Box":[261.8836,412.4281,3.9979,16.1618],"Polygon":[412.4281,261.8836,416.426,261.8836,416.426,278.0454,412.4281,278.0454],"IndexInText":1123,"OcrConfidence":1.0,"Text":"-","VisualLineNumber":14},{"Box":[261.6901,443.9428,3.9979,16.6073],"Polygon":[443.9428,261.6901,447.9407,261.6901,447.9407,278.2974,443.9428,278.2974],"IndexInText":1125,"OcrConfidence":1.0,"Text":"-","VisualLineNumber":14}]},{"IndexInText":1135,"Length":2,"Type":"TableRowEnd","Words":[{"Box":[261.6901,497.2175,14.6468,16.6073],"Polygon":[497.2175,261.6901,511.8643,261.6901,511.8643,278.2974,497.2175,278.2974],"IndexInText":1135,"OcrConfidence":1.0,"Text":"PP","VisualLineNumber":14}]}]},{"IndexInText":1143,"Language":"eng","Length":87,"Rotation":"None","SkewAngle":0.0,"Type":"Paragraph","WordGroups":[{"IndexInText":1143,"Length":87,"Type":"Sentence","Words":[{"Box":[289.6465,35.0028,26.6403,16.1618],"Polygon":[35.0028,289.6465,61.6431,289.6465,61.6431,305.8083,35.0028,305.8083],"IndexInText":1143,"OcrConfidence":1.0,"Text":"Note:","VisualLineNumber":15},{"Box":[289.6465,64.6446,21.3219,16.1618],"Polygon":[64.6446,289.6465,85.9665,289.6465,85.9665,305.8083,64.6446,305.8083],"IndexInText":1149,"OcrConfidence":1.0,"Text":"This","VisualLineNumber":15},{"Box":[289.6465,88.9679,7.9957,16.1618],"Polygon":[88.9679,289.6465,96.9636,289.6465,96.9636,305.8083,88.9679,305.8083],"IndexInText":1154,"OcrConfidence":1.0,"Text":"is","VisualLineNumber":15},{"Box":[289.6465,99.965,5.3185,16.1618],"Polygon":[99.965,289.6465,105.2835,289.6465,105.2835,305.8083,99.965,305.8083],"IndexInText":1157,"OcrConfidence":1.0,"Text":"a","VisualLineNumber":15},{"Box":[289.6465,108.2848,45.2971,16.1618],"Polygon":[108.2848,289.6465,153.5819,289.6465,153.5819,305.8083,108.2848,305.8083],"IndexInText":1159,"OcrConfidence":1.0,"Text":"computer","VisualLineNumber":15},{"Box":[289.6465,156.5833,46.6056,16.1618],"Polygon":[156.5833,289.6465,203.1889,289.6465,203.1889,305.8083,156.5833,305.8083],"IndexInText":1168,"OcrConfidence":1.0,"Text":"generated","VisualLineNumber":15},{"Box":[289.6465,206.1903,47.9382,16.1618],"Polygon":[206.1903,289.6465,254.1285,289.6465,254.1285,305.8083,206.1903,305.8083],"IndexInText":1178,"OcrConfidence":1.0,"Text":"Statement","VisualLineNumber":15},{"Box":[289.6465,257.13,10.0007,16.1618],"Polygon":[257.13,289.6465,267.1307,289.6465,267.1307,305.8083,257.13,305.8083],"IndexInText":1188,"OcrConfidence":1.0,"Text":"of","VisualLineNumber":15},{"Box":[289.6465,270.132,30.6623,16.1618],"Polygon":[270.132,289.6465,300.7943,289.6465,300.7943,305.8083,270.132,305.8083],"IndexInText":1191,"OcrConfidence":1.0,"Text":"Marks","VisualLineNumber":15},{"Box":[289.6465,303.7957,13.9985,16.1618],"Polygon":[303.7957,289.6465,317.7942,289.6465,317.7942,305.8083,303.7957,305.8083],"IndexInText":1197,"OcrConfidence":1.0,"Text":"for","VisualLineNumber":15},{"Box":[289.6465,320.7956,56.6303,16.1618],"Polygon":[320.7956,289.6465,377.4259,289.6465,377.4259,305.8083,320.7956,305.8083],"IndexInText":1201,"OcrConfidence":1.0,"Text":"information","VisualLineNumber":15},{"Box":[289.6465,380.4273,10.0007,16.1618],"Polygon":[380.4273,289.6465,390.428,289.6465,390.428,305.8083,380.4273,305.8083],"IndexInText":1213,"OcrConfidence":1.0,"Text":"of","VisualLineNumber":15},{"Box":[289.6465,393.4293,14.6468,16.1618],"Polygon":[393.4293,289.6465,408.0761,289.6465,408.0761,305.8083,393.4293,305.8083],"IndexInText":1216,"OcrConfidence":1.0,"Text":"the","VisualLineNumber":15},{"Box":[289.6465,411.0775,48.9348,16.1618],"Polygon":[411.0775,289.6465,460.0123,289.6465,460.0123,305.8083,411.0775,305.8083],"IndexInText":1220,"OcrConfidence":1.0,"Text":"candidate.","VisualLineNumber":15}]}]},{"IndexInText":1232,"Language":"eng","Length":3,"Rotation":"None","SkewAngle":0.0,"Type":"Footer","WordGroups":[{"IndexInText":1232,"Length":3,"Type":"Other","Words":[{"Box":[816.6835,557.4062,11.1043,10.9141],"Polygon":[557.4062,816.6835,568.5105,816.6835,568.5105,827.5976,557.4062,827.5976],"IndexInText":1232,"OcrConfidence":1.0,"Text":"1/1","VisualLineNumber":16}]}]}],"ProcessingSource":"Pdf","IndexInText":0,"TextLength":1235,"SkewAngle":0.0}]}